{
    "name": "paginationjs",
    "version": "2.1.4",
    "repo": "superRaytin/paginationjs",
    "description": "A jQuery plugin to provide simple yet fully customisable pagination",
    "keywords": [
        "paginationjs",
        "pagination.js",
        "pagination",
        "jquery.pagination",
        "jquery pagination"
    ],
    "main": "dist/pagination.min.js",
    "scripts": [
        "dist/pagination.min.js",
        "dist/pagination.js",
        "dist/pagination.css",
        "dist/pagination.less"
    ],
    "license": "MIT"
}
